101,Arav,28,AIML,arav@gmail.com
102,Sri,29,MCA,sri@gmail.com
103,Poornima,30,ENI,poornima2@gmail.com
104,Meena,21,CSE,meena@gmail.com
105,Rajesh,22,IT,rajesh@gmail.com
106,Kavya,23,EEE,kavya@gmail.com
107,Vignesh,24,ECE,vignesh@gmail.com
108,Divya,25,MECH,divya@gmail.com
109,Suresh,26,FT,suresh@gmail.com
110,Preethi,27,TT,preethi@gmail.com
111,Arjun,28,AIML,arjun@gmail.com
112,Deepa,29,MCA,deepa@gmail.com
113,Karthik,30,ENI,karthik@gmail.com
114,Nisha,21,CSE,nisha@gmail.com
115,Manoj,22,IT,manoj@gmail.com
116,Shalini,23,EEE,shalini@gmail.com
117,Prakash,24,ECE,prakash@gmail.com
118,Anitha,25,MECH,anitha@gmail.com
119,Ram,26,FT,ram@gmail.com
120,Geetha,27,TT,geetha@gmail.com
121,Sathish,28,AIML,sathish@gmail.com
122,Lavanya,29,MCA,lavanya@gmail.com
123,Mohan,30,ENI,mohan@gmail.com
124,Swathi,21,CSE,swathi@gmail.com
125,Harish,22,IT,harish@gmail.com
126,Pooja,23,EEE,pooja@gmail.com
127,Kiran,24,ECE,kiran@gmail.com
128,Revathi,25,MECH,revathi@gmail.com
129,Ajay,26,FT,ajay@gmail.com
130,Sindhu,27,TT,sindhu@gmail.com
131,Vijay,28,AIML,vijay@gmail.com
132,Keerthi,29,MCA,keerthi@gmail.com
133,Senthil,30,ENI,senthil@gmail.com
134,Malathi,21,CSE,malathi@gmail.com
135,Gokul,22,IT,gokul@gmail.com
136,Varsha,23,EEE,varsha@gmail.com
137,Aravind,24,ECE,aravind@gmail.com
138,Janani,25,MECH,janani@gmail.com
139,Surya,26,FT,surya@gmail.com
140,Monika,27,TT,monika@gmail.com
141,Bala,28,AIML,bala@gmail.com
142,Indhu,29,MCA,indhu@gmail.com
143,Naveen,30,ENI,naveen@gmail.com
144,Shree,21,CSE,shree@gmail.com
145,Koushik,22,IT,koushik@gmail.com
146,Vaishnavi,23,EEE,vaishnavi@gmail.com
147,Praveen,24,ECE,praveen@gmail.com
148,Sandhya,25,MECH,sandhya@gmail.com
149,Arthi,26,FT,arthi@gmail.com
150,Dinesh,27,TT,dinesh@gmail.com
151,Megha,28,AIML,megha@gmail.com
152,Santhosh,29,MCA,santhosh@gmail.com
153,Kalai,30,ENI,kalai@gmail.com
154,Indira,21,CSE,indira@gmail.com
155,Rohit,22,IT,rohit@gmail.com
156,Divakar,23,EEE,divakar@gmail.com
157,Sharmila,24,ECE,sharmila@gmail.com
158,Krishna,25,MECH,krishna@gmail.com
159,Uma,26,FT,uma@gmail.com
160,Arul,27,TT,arul@gmail.com
161,Padma,28,AIML,padma@gmail.com
162,Tharun,29,MCA,tharun@gmail.com
163,Rekha,30,ENI,rekha@gmail.com
164,Mani,21,CSE,mani@gmail.com
165,Saranya,22,IT,saranya@gmail.com
166,Kumar,23,EEE,kumar@gmail.com
167,Anju,24,ECE,anju@gmail.com
168,Selva,25,MECH,selva@gmail.com
169,Harini,26,FT,harini@gmail.com
170,Prabhu,27,TT,prabhu@gmail.com
171,Shobana,28,AIML,shobana@gmail.com
172,Venkat,29,MCA,venkat@gmail.com
173,Latha,30,ENI,latha@gmail.com
174,Devan,21,CSE,devan@gmail.com
175,Meenakshi,22,IT,meenakshi@gmail.com
176,Ramesh,23,EEE,ramesh@gmail.com
177,Sowmya,24,ECE,sowmya@gmail.com
178,Kavi,25,MECH,kavi@gmail.com
179,Shankar,26,FT,shankar@gmail.com
180,Anju,27,TT,anju2@gmail.com
181,Varun,28,AIML,varun@gmail.com
182,Radha,29,MCA,radha@gmail.com
183,Poornima,30,ENI,poornima@gmail.com
184,Anand,21,CSE,anand@gmail.com
185,Shreeja,22,IT,shreeja@gmail.com
186,Logesh,23,EEE,logesh@gmail.com
187,Divya,24,ECE,divya2@gmail.com
188,Raj,25,MECH,raj@gmail.com
189,Indu,26,FT,indu@gmail.com
190,Prasanth,27,TT,prasanth@gmail.com
191,Kalpana,28,AIML,kalpana@gmail.com
192,Siva,29,MCA,siva@gmail.com
193,Meera,30,ENI,meera@gmail.com
194,Arthi,21,CSE,arthi@gmail.com
195,Deepak,22,IT,deepak@gmail.com
196,Manasa,23,EEE,manasa@gmail.com
197,Prem,24,ECE,prem@gmail.com
198,Gayathri,25,MECH,gayathri@gmail.com
199,Vishal,26,FT,vishal@gmail.com
200,Keerthi,27,TT,keerthi@gmail.com
